Redump Game Name (Others),Notes
DVD Player Version 2.10 (Australia),
"DVD Player Version 2.10 (Europe) (En,Ja,Fr,De,Es,It,Nl,Pt)",
"DVD Player Version 2.10 (USA) (En,Fr,De,Es,It,Nl,Pt)",
"DVD Player Version 2.12 (USA) (En,Fr,De,Es,It,Nl,Pt)",
"DVD Player Version 2.14 (Australia) (En,Fr,De,Es,It,Nl,Pt)",
DVD Player Version 2.14 (Europe),
DVD Player Version 2.14 (USA),
HDD Utility Disc Version 1.10 (USA) (SCUS-97395),
Linux (for PlayStation 2) Release 1.0 (Europe) (Disc 1) (Runtime Environment),
Linux (for PlayStation 2) Release 1.0 (Europe) (Disc 2) (Software Packages),
Linux (for PlayStation 2) Release 1.0 (USA) (Disc 1) (Runtime Environment),
Linux (for PlayStation 2) Release 1.0 (USA) (Disc 2) (Software Packages),
"Network Access Disc (Europe) (En,Fr,De,Es,It,Nl,Pt,Sv,No,Da,Fi) (v4.03)",
"Network Access Disc (Europe) (En,Fr,De,Es,It,Nl,Pt,Sv,No,Da,Fi) (v6.00)",
"Network Access Disc (Europe) (En,Fr,De,Es,It,Nl,Pt) (v1.02)",
"Network Access Disc (Europe) (En,Fr,De,Es,It) (v1.03)",
"Network Access Disc (Europe) (En,Fr,De,Es,It) (v2.00)",
"Network Access Disc (Europe) (En,Fr,De,Es,It) (v3.00)",
Network Access Disc (Europe) (v0.02),
Network Adaptor Start-Up Disc (USA) (v1.00),
Network Adaptor Start-Up Disc (USA) (v1.01),
Network Adaptor Start-Up Disc v2.0 (USA),
Network Adaptor Start-Up Disc Version 2.50 (USA),
Online Start-Up Disc 3.0 (USA),
Online Start-Up Disc 3.0 (USA) (Rev 1),
Online Start-Up Disc 3.5 - Broadband Only (USA),
Online Start-Up Disc 4.0 - Broadband Only (USA),
Online Start-Up Disc 4.0 (USA),
Online Start-Up Disc V3.0 (USA),
PlayOnline Viewer and Tetra Master (USA),